[dotenv@17.2.3] injecting env (16) from .env.local -- tip: ⚙️  enable debug logging with { debug: true }
--- Checking Atlas Search Indexes on document_chunks ---
[
  {
    "id": "697f12ff2751f1e0915e5b31",
    "name": "keyword_index",
    "type": "search",
    "status": "READY",
    "queryable": true,
    "latestDefinitionVersion": {
      "version": 0,
      "createdAt": "2026-02-01T08:46:57.101Z"
    },
    "latestDefinition": {
      "mappings": {
        "dynamic": false,
        "fields": {
          "chunkText": [
            {
              "type": "string",
              "analyzer": "lucene.standard"
            }
          ]
        }
      }
    },
    "statusDetail": [
      {
        "hostname": "atlas-coaa9w-shard-00-00",
        "status": "READY",
        "queryable": true,
        "mainIndex": {
          "status": "READY",
          "queryable": true,
          "definitionVersion": {
            "version": 0,
            "createdAt": "2026-02-01T08:46:57.000Z"
          },
          "definition": {
            "mappings": {
              "dynamic": false,
              "fields": {
                "chunkText": {
                  "type": "string",
                  "analyzer": "lucene.standard",
                  "indexOptions": "offsets",
                  "store": true,
                  "norms": "include"
                }
              }
            }
          }
        }
      },
      {
        "hostname": "atlas-coaa9w-shard-00-01",
        "status": "READY",
        "queryable": true,
        "mainIndex": {
          "status": "READY",
          "queryable": true,
          "definitionVersion": {
            "version": 0,
            "createdAt": "2026-02-01T08:46:57.000Z"
          },
          "definition": {
            "mappings": {
              "dynamic": false,
              "fields": {
                "chunkText": {
                  "type": "string",
                  "analyzer": "lucene.standard",
                  "indexOptions": "offsets",
                  "store": true,
                  "norms": "include"
                }
              }
            }
          }
        }
      },
      {
        "hostname": "atlas-coaa9w-shard-00-02",
        "status": "READY",
        "queryable": true,
        "mainIndex": {
          "status": "READY",
          "queryable": true,
          "definitionVersion": {
            "version": 0,
            "createdAt": "2026-02-01T08:46:57.000Z"
          },
          "definition": {
            "mappings": {
              "dynamic": false,
              "fields": {
                "chunkText": {
                  "type": "string",
                  "analyzer": "lucene.standard",
                  "indexOptions": "offsets",
                  "store": true,
                  "norms": "include"
                }
              }
            }
          }
        }
      }
    ]
  }
]
