{
  "_id": "698756b660301f1d9e060329",
  "tenantId": "global",
  "industry": "ELEVATORS",
  "filename": "Real Decreto 203-2016 - BOE-A-2016-4953-consolidado.pdf",
  "componentType": "Real Decreto 203-2016",
  "model": "PENDING",
  "version": "1.0",
  "revisionDate": "2026-02-07T15:13:58.783Z",
  "language": "es",
  "status": "vigente",
  "ingestionStatus": "FAILED",
  "progress": 15,
  "attempts": 5,
  "cloudinaryUrl": "https://res.cloudinary.com/ds81rqpk4/raw/upload/v1770477238/abd-rag-platform/tenants/abd_global/documentos-rag/1770477237436_Real%20Decreto%20203-2016%20-%20BOE-A-2016-4953-consolidado",
  "cloudinaryPublicId": "abd-rag-platform/tenants/abd_global/documentos-rag/1770477237436_Real Decreto 203-2016 - BOE-A-2016-4953-consolidado",
  "fileMd5": "a9ffd0f06ca0011b16048a7e4857eda6",
  "sizeBytes": 368438,
  "totalChunks": 0,
  "documentTypeId": "6981cdf440dac31d56209281",
  "scope": "INDUSTRY",
  "createdAt": "2026-02-07T15:13:58.783Z",
  "updatedAt": "2026-02-07T15:40:49.880Z",
  "error": "Fallo al extraer texto del PDF",
  "errorDetails": {
    "message": "Fallo al extraer texto del PDF",
    "stack": "AppError: Fallo al extraer texto del PDF\n    at extractTextFromPDF (D:\\desarrollos\\ABDElevators\\.next\\dev\\server\\chunks\\[root-of-the-server]__f87d64d6._.js:3311:15)\n    at process.processTicksAndRejections (node:internal/process/task_queues:105:5)\n    at async Promise.all (index 0)\n    at async IngestService.executeAnalysis (D:\\desarrollos\\ABDElevators\\.next\\dev\\server\\chunks\\[root-of-the-server]__f87d64d6._.js:4527:47)",
    "code": "EXTERNAL_SERVICE_ERROR",
    "status": 503,
    "type": "ExternalServiceError"
  }
}